homogeneity_global;penalization_global;quality_metric
0.745756020529017;1.084271049688163;0.6877941940341419
