homogeneity_global;entropy_global;quality_metric
0.7216739044611133;1.1731520826333703;0.6151574889452414
