homogeneity_global;penalization_global;quality_metric
0.643006967717048;1.7293594183695025;-1.0863524506524544
