homogeneity_global;penalization_global;quality_metric
0.625740228977497;1.5069180303736698;0.4152447585868848
