homogeneity_global;penalization_global;quality_metric
0.7781287011448875;0.9807617333064277;0.7933913827675694
