homogeneity_global;entropy_global;quality_metric
0.8681405448085274;0.5170632060834606;1.6789801626075016
