homogeneity_global;penalization_global;quality_metric
0.8707066719305172;0.48957389245084215;1.7784953545548585
