homogeneity_global;entropy_global;quality_metric
0.8572838531385709;0.7399355409435242;1.1585910489640263
