homogeneity_global;penalization_global;quality_metric
0.6123174101855507;1.5457852388588733;-0.9334678286733226
