homogeneity_global;penalization_global;quality_metric
0.6123174101855507;1.541159054766952;0.3973094217512294
