homogeneity_global;entropy_global;quality_metric
0.613501776549546;1.5076054229240197;0.4069376245821853
