homogeneity_global;entropy_global;quality_metric
0.7652980655349388;0.9116057773529334;0.8395045808645295
