homogeneity_global;entropy_global;quality_metric
0.9018949861823924;0.48533684966826873;1.8582828163903617
