homogeneity_global;penalization_global;quality_metric
0.6589024871693644;1.392227813586365;0.47327169265520325
