homogeneity_global;penalization_global;quality_metric
0.861231741018555;0.507266385372527;1.6977865438482382
