homogeneity_global;entropy_global;quality_metric
0.7577970785629689;0.950837156525654;0.7969779855406162
