homogeneity_global;penalization_global;quality_metric
0.7437820765890248;1.0977243897874354;-0.3539423131984105
