homogeneity_global;entropy_global;quality_metric
0.7187129885511252;1.1843184108398042;0.606857391657107
