homogeneity_global;penalization_global;quality_metric
0.8085274378207659;0.7265453394655518;1.1128367096522975
