homogeneity_global;entropy_global;quality_metric
0.7812870114488748;0.8053292423816679;0.9701448801156553
