homogeneity_global;penalization_global;quality_metric
0.625740228977497;1.5068416327390775;0.4152658116926595
