homogeneity_global;entropy_global;quality_metric
0.646269245953415;1.4727993018335421;0.4388030374171238
