homogeneity_global;penalization_global;quality_metric
0.7384524279510462;0.9994191658373421;0.7388808563136707
