homogeneity_global;entropy_global;quality_metric
0.8521515988945914;0.7806757861259472;1.091554935459696
