homogeneity_global;penalization_global;quality_metric
0.8347808922226608;0.7290650306407825;1.145000393844937
