homogeneity_global;entropy_global;quality_metric
0.8969601263324122;0.5612586012309876;1.5981198795800489
