homogeneity_global;penalization_global;quality_metric
0.8424792735886301;0.7219621727413312;1.1669283218279582
