homogeneity_global;penalization_global;quality_metric
0.7364784840110541;1.1056448555553622;0.6661070362725897
