homogeneity_global;entropy_global;quality_metric
0.7120015791551519;1.1856806253084233;0.6004998002477637
