homogeneity_global;penalization_global;quality_metric
0.7364784840110541;1.106188654904388;-0.3697101708933339
