homogeneity_global;penalization_global;quality_metric
0.7874062376628503;0.9467299418096865;0.8317106824011844
