homogeneity_global;penalization_global;quality_metric
0.7224634820371102;1.173935337305985;0.6154196433641879
