homogeneity_global;entropy_global;quality_metric
0.6966048164232136;1.2595544150628293;0.5530561086019907
