homogeneity_global;penalization_global;quality_metric
0.8049743387287801;0.7310695553096791;1.1010898098444077
