homogeneity_global;penalization_global;quality_metric
0.6138965653375444;1.5449852157456956;0.3973476003093297
