homogeneity_global;entropy_global;quality_metric
0.9001184366363996;0.4929936971190799;1.825817685051045
