homogeneity_global;entropy_global;quality_metric
0.8610343466245559;0.7024375925613051;1.2257788164584784
