homogeneity_global;penalization_global;quality_metric
0.8557046979865772;0.6594464454166261;0.1962582525699511
