homogeneity_global;penalization_global;quality_metric
0.8284642716146862;0.6024335932190288;0.22603067839565738
