homogeneity_global;penalization_global;quality_metric
0.8284642716146862;0.6017210704250223;1.3768221448641662
