homogeneity_global;entropy_global;quality_metric
0.8979470983024083;0.4766692716149683;1.8837908545463635
