homogeneity_global;penalization_global;quality_metric
0.8472167390446111;0.6867839025683677;0.1604328364762434
