homogeneity_global;penalization_global;quality_metric
0.8472167390446111;0.6867839025683677;1.2335983739250482
