homogeneity_global;entropy_global;quality_metric
0.8582708251085669;0.7216820790985815;1.1892627802505642
