homogeneity_global;entropy_global;quality_metric
0.8989340702724042;0.46916824501173904;1.916012355519834
