homogeneity_global;penalization_global;quality_metric
0.8448480063166206;0.6888502246750637;0.15599778164155687
