homogeneity_global;penalization_global;quality_metric
0.8641926569285432;0.49898155976374897;1.7319095427658007
