homogeneity_global;penalization_global;quality_metric
0.8661666008685354;0.49242436889023355;1.758980457933337
