homogeneity_global;entropy_global;quality_metric
0.731741018555073;1.1329511927396057;0.6458710466728884
