homogeneity_global;penalization_global;quality_metric
0.760757994472957;0.9321733945484257;0.8161112329646126
