homogeneity_global;penalization_global;quality_metric
0.8260955388866956;0.788541487865305;1.0476233704578837
