homogeneity_global;entropy_global;quality_metric
0.8464271614686143;0.8310038970164719;1.0185585722870134
