homogeneity_global;entropy_global;quality_metric
0.8570864587445717;0.7398531338303986;1.1584532944449926
