homogeneity_global;penalization_global;quality_metric
0.8450454007106198;0.6946121571577706;1.2165698158790863
