homogeneity_global;penalization_global;quality_metric
0.8450454007106198;0.6946121571577706;0.15043324355284926
