homogeneity_global;entropy_global;quality_metric
0.8059613106987762;1.0447120363840083;0.7714666924119119
