homogeneity_global;penalization_global;quality_metric
0.7483221476510067;1.0069070101484336;0.7431881960504938
