homogeneity_global;penalization_global;quality_metric
0.6589024871693644;1.394342961162304;0.47255376400821025
