homogeneity_global;penalization_global;quality_metric
0.6046190288195815;1.6235909898928675;0.3723959175602223
