homogeneity_global;entropy_global;quality_metric
0.6014607185155941;1.579804709371013;0.38071815726951697
