homogeneity_global;penalization_global;quality_metric
0.6046190288195815;1.6276938410800628;-1.0230748122604814
