homogeneity_global;penalization_global;quality_metric
0.7969321554282559;1.0269225691954686;-0.22999041376721274
