homogeneity_global;penalization_global;quality_metric
0.801925212884117;0.7268572986494551;0.07506791423466186
