homogeneity_global;penalization_global;quality_metric
0.8176783991274069;0.9542886946616438;-0.13661029553423687
