homogeneity_global;penalization_global;quality_metric
0.8127433273128637;0.9642624156185676;-0.15151908830570393
