homogeneity_global;penalization_global;quality_metric
0.8244651766796528;0.911183889669538;-0.0867187129898852
