homogeneity_global;penalization_global;quality_metric
0.8001057848649284;0.9920528264180902;-0.19194704155316178
