homogeneity_global;penalization_global;quality_metric
0.8089092049834185;0.7338216465950573;0.07508755838836112
