homogeneity_global;penalization_global;quality_metric
0.8036035727143371;1.013210988106565;-0.20960741539222782
