homogeneity_global;penalization_global;quality_metric
0.8056850259305455;1.0481447671333841;-0.24245974120283864
