homogeneity_global;penalization_global;quality_metric
0.7890023740877348;1.1295233110749174;-0.34052093698718267
