homogeneity_global;entropy_global;quality_metric
0.6308724832214765;1.4430850488643157;0.4371689988396482
