homogeneity_global;entropy_global;quality_metric
0.6841689696012633;1.369149811567957;0.4997031472506307
