homogeneity_global;entropy_global;quality_metric
0.734504540071062;1.1583074519834087;0.6341182599620563
