homogeneity_global;entropy_global;quality_metric
0.8930122384524279;0.5731113361593098;1.5581801020667518
