homogeneity_global;entropy_global;quality_metric
0.7220686932491117;1.2124017352160714;0.5955683472789481
