homogeneity_global;penalization_global;quality_metric
0.722266087643111;1.1882210161407898;0.6078544900126908
