homogeneity_global;entropy_global;quality_metric
0.6950256612712199;1.2680561003776205;0.5481028110360685
