homogeneity_global;penalization_global;quality_metric
0.7947098302408212;0.7757123803877138;1.0244890062920051
