homogeneity_global;entropy_global;quality_metric
0.7727990525069088;0.8526819312177886;0.9063146736187262
