homogeneity_global;penalization_global;quality_metric
0.7593762337149625;0.9368549860813428;0.8105581273929433
