homogeneity_global;entropy_global;quality_metric
0.7463482037110146;0.9920574259166656;0.7523228312096499
