homogeneity_global;penalization_global;quality_metric
0.7437820765890248;1.0113772214391512;0.7354143690484579
