homogeneity_global;penalization_global;quality_metric
0.8193841294907225;0.638387171045736;1.2835202258658698
