homogeneity_global;entropy_global;quality_metric
0.6121200157915515;1.5224705516612635;0.40205678399943123
