homogeneity_global;penalization_global;quality_metric
0.6231741018555073;1.5274508783833967;0.40798280500663214
