homogeneity_global;penalization_global;quality_metric
0.6231741018555073;1.5314758370361616;-0.9083017351806544
