homogeneity_global;entropy_global;quality_metric
0.6204105803395183;1.4995177820370986;0.41373978623774865
