homogeneity_global;penalization_global;quality_metric
0.7009474930911962;1.2178536731644793;0.5755592260198427
