homogeneity_global;entropy_global;quality_metric
0.8572838531385709;0.7281786389069957;1.177297204334581
