homogeneity_global;penalization_global;quality_metric
0.8448480063166206;0.6777724187298056;1.2465050752505524
