homogeneity_global;penalization_global;quality_metric
0.6077701390950826;1.8129636805338276;-1.205193541438745
