homogeneity_global;penalization_global;quality_metric
0.7408896492728828;0.9134286075223745;-0.17253895824949173
