homogeneity_global;penalization_global;quality_metric
0.637075594463504;1.748405284395398;-1.111329689931894
