homogeneity_global;penalization_global;quality_metric
0.615815255423373;1.7632430069778413;-1.1474277515544684
