homogeneity_global;penalization_global;quality_metric
0.740601188980993;0.902466753583489;-0.16186556460249601
