homogeneity_global;penalization_global;quality_metric
0.5976992566105204;1.8394449107846145;-1.241745654174094
