homogeneity_global;penalization_global;quality_metric
0.5978241602410707;1.8536222257059178;-1.2557980654648473
