homogeneity_global;penalization_global;quality_metric
0.5406300097853469;2.132886352256709;-1.5922563424713623
