homogeneity_global;penalization_global;quality_metric
0.6232060930684566;1.7927667492476582;-1.1695606561792016
