homogeneity_global;entropy_global;quality_metric
0.8985392814844059;0.49185964103989854;1.8268167983205605
