homogeneity_global;entropy_global;quality_metric
0.7337149624950652;1.1286406649489644;0.6500867239632189
