homogeneity_global;penalization_global;quality_metric
0.830240821160679;0.6302505307945816;1.3173166277184023
