homogeneity_global;entropy_global;quality_metric
0.7465455981050139;1.1209840621470128;0.6659728334605652
