homogeneity_global;entropy_global;quality_metric
0.7524674299249902;0.9873258052904845;0.7621260011305014
