homogeneity_global;penalization_global;quality_metric
0.7506908803789972;0.999664741848985;0.750941888826276
