homogeneity_global;penalization_global;quality_metric
0.7418081326490328;1.1060504207290274;-0.3642422880799946
