homogeneity_global;entropy_global;quality_metric
0.7159494670351362;1.2013183879343154;0.5959692936165967
