homogeneity_global;penalization_global;quality_metric
0.742005527043032;1.105337897935021;0.6712923325409398
