homogeneity_global;entropy_global;quality_metric
0.757007500986972;1.112406528673688;0.680512745081422
