homogeneity_global;penalization_global;quality_metric
0.7929332806948283;0.962049599610698;0.8242116173678343
