homogeneity_global;penalization_global;quality_metric
0.803000394788788;0.7569035603028003;1.06090045813378
