homogeneity_global;entropy_global;quality_metric
0.6186340307935254;1.5454123953459962;0.40030326685179407
