homogeneity_global;entropy_global;quality_metric
0.6630477694433478;1.427868455626117;0.46436161711478247
