homogeneity_global;penalization_global;quality_metric
0.6906829846032373;1.3404739128357794;0.5152524511944017
