homogeneity_global;penalization_global;quality_metric
0.8616265298065535;0.5037479700815702;1.7104283700412002
