homogeneity_global;entropy_global;quality_metric
0.6383734701934465;1.451781386108208;0.43971705146852885
