homogeneity_global;penalization_global;quality_metric
0.5511251480457955;1.8289910486643706;0.30132725205025196
