homogeneity_global;entropy_global;quality_metric
0.545992893801816;1.7822904599949814;0.3063432138104693
