homogeneity_global;entropy_global;quality_metric
0.9054480852743783;0.3752350277341254;2.413009461649925
