homogeneity_global;penalization_global;quality_metric
0.7437820765890248;1.0966367910893844;0.6782385967659954
