homogeneity_global;entropy_global;quality_metric
0.9088037899723648;0.35184223378768925;2.582979300721068
