homogeneity_global;entropy_global;quality_metric
0.8582708251085669;0.5528578946475725;1.552422930005826
