homogeneity_global;penalization_global;quality_metric
0.8624161073825504;0.5165230763822386;1.6696532588044248
