homogeneity_global;penalization_global;quality_metric
0.7933280694828266;0.9348665539521813;0.8485994257999518
