homogeneity_global;penalization_global;quality_metric
0.8624161073825504;0.517290409343528;1.6671765504031955
