homogeneity_global;entropy_global;quality_metric
0.8608369522305567;0.5511828605799582;1.5617963692274661
