homogeneity_global;entropy_global;quality_metric
0.6091590998815634;1.5226743580337;0.40005842129618374
