homogeneity_global;entropy_global;quality_metric
0.6127121989735491;1.6745822436239721;0.3658893645965167
