homogeneity_global;penalization_global;quality_metric
0.768258981444927;0.8957108799511919;0.8577077056148792
