homogeneity_global;penalization_global;quality_metric
0.7652980655349388;0.9163391804699687;0.8351680760549385
