homogeneity_global;entropy_global;quality_metric
0.8148440584287406;0.7418723359984382;1.0983600823610893
