homogeneity_global;penalization_global;quality_metric
0.7929332806948283;0.9637972416444511;0.8227170858310658
