homogeneity_global;penalization_global;quality_metric
0.8225424397947099;0.776933809782166;1.0587020036151182
