homogeneity_global;penalization_global;quality_metric
0.8416896960126332;0.7010661140713224;1.2005836233348193
