homogeneity_global;entropy_global;quality_metric
0.8478089222266088;0.8068686719649987;1.0507383678976423
