homogeneity_global;entropy_global;quality_metric
0.7143703118831425;1.174610027980107;0.608176064132135
