homogeneity_global;penalization_global;quality_metric
0.7364784840110541;1.0860130950410751;0.6781481818458343
