homogeneity_global;entropy_global;quality_metric
0.9018949861823924;0.47993241416874904;1.8792085725985268
