homogeneity_global;entropy_global;quality_metric
0.8541255428345835;0.7710487125824688;1.1077438054854722
