homogeneity_global;penalization_global;quality_metric
0.8689301223845243;0.5013968658862495;1.7330151991146598
