homogeneity_global;penalization_global;quality_metric
0.8424792735886301;0.719503679108896;1.170915628557187
