homogeneity_global;penalization_global;quality_metric
0.8128701144887486;0.6826538877456415;1.1907482522730073
