homogeneity_global;entropy_global;quality_metric
0.3651796288985393;2.509266755675464;0.14553234826079267
