homogeneity_global;entropy_global;quality_metric
0.7416107382550335;1.134991250514872;0.6534059927885967
