homogeneity_global;entropy_global;quality_metric
0.9032767469403868;0.379100956768655;2.382674979152394
