homogeneity_global;entropy_global;quality_metric
0.7789182787208844;0.8461982527147411;0.9204903883121986
