homogeneity_global;penalization_global;quality_metric
0.8004342676667983;0.7632590060828167;1.0487045846601688
