homogeneity_global;entropy_global;quality_metric
0.8314251875246743;1.159586444247638;0.7170008537511533
