homogeneity_global;penalization_global;quality_metric
0.791748914330833;1.1011364477292824;0.7190282339080767
