homogeneity_global;penalization_global;quality_metric
0.7903671535728385;0.9448741141244728;0.8364779024847084
