homogeneity_global;penalization_global;quality_metric
0.765495459928938;0.9218926433568954;0.8303511640903998
