homogeneity_global;entropy_global;quality_metric
0.7613501776549546;0.9611853042524037;0.7920942842055176
