homogeneity_global;penalization_global;quality_metric
0.8450454007106198;0.7160402092017232;1.1801630825867084
