homogeneity_global;entropy_global;quality_metric
0.853730754046585;0.7710132349765825;1.1072827391734406
