homogeneity_global;entropy_global;quality_metric
0.6717331227793131;1.4346818154742522;0.46821019638216227
