homogeneity_global;entropy_global;quality_metric
0.7141729174891434;1.3209462524836952;0.5406521086639366
