homogeneity_global;entropy_global;quality_metric
0.8586656138965654;0.7051477730158254;1.2177084421832989
