homogeneity_global;penalization_global;quality_metric
0.8503750493485985;0.6556860057334029;1.2969222234279785
