homogeneity_global;penalization_global;quality_metric
0.8503750493485985;0.6556860057334029;0.19468904361519568
