homogeneity_global;entropy_global;quality_metric
0.9013028030003948;0.4794647539588547;1.8798064211229153
