homogeneity_global;entropy_global;quality_metric
0.7139755230951441;1.200908313284298;0.5945290915785585
