homogeneity_global;entropy_global;quality_metric
0.6217923410975128;1.4970766981288632;0.41533738821616667
