homogeneity_global;penalization_global;quality_metric
0.6243584682195026;1.53885416267505;-0.9144956944555475
