homogeneity_global;penalization_global;quality_metric
0.6243584682195026;1.535200280199859;0.4066948590208451
