homogeneity_global;penalization_global;quality_metric
0.8576786419265693;0.5351412340025956;1.6027115548544226
