homogeneity_global;penalization_global;quality_metric
0.6239636794315041;1.5284806983487287;0.4082245015465959
