homogeneity_global;entropy_global;quality_metric
0.36063955783655743;2.603144864456638;0.13853989619280696
