homogeneity_global;penalization_global;quality_metric
0.36952230556652194;2.653468601581113;0.13926004855919058
