homogeneity_global;entropy_global;quality_metric
0.6450848795894196;1.434692662271542;0.4496324870969742
