homogeneity_global;penalization_global;quality_metric
0.6174496644295302;1.549094402311083;-0.9316447378815529
