homogeneity_global;entropy_global;quality_metric
0.6152783260955389;1.5103355622401005;0.4073782900302504
