homogeneity_global;penalization_global;quality_metric
0.6174496644295302;1.5455730108627832;0.39949537200412183
