homogeneity_global;penalization_global;quality_metric
0.830240821160679;0.672512812216988;1.2345334862695727
