homogeneity_global;penalization_global;quality_metric
0.7716146861429135;0.8646037800435274;0.8924478605173424
