homogeneity_global;penalization_global;quality_metric
0.7716146861429135;0.8669922256554717;-0.09537753951255823
