homogeneity_global;penalization_global;quality_metric
0.6298855112514805;1.5020851658457408;0.41934046499711103
