homogeneity_global;entropy_global;quality_metric
0.6273193841294907;1.459310516511477;0.42987352394032663
