homogeneity_global;entropy_global;quality_metric
0.700750098697197;1.2585409455941057;0.5567951875981391
