homogeneity_global;penalization_global;quality_metric
0.7218712988551125;1.1758963956835327;-0.4540250968284202
