homogeneity_global;penalization_global;quality_metric
0.7218712988551125;1.1748087969854815;0.6144580175509325
