homogeneity_global;entropy_global;quality_metric
0.87998420844848;0.7905562455054114;1.1131188961349625
