homogeneity_global;entropy_global;quality_metric
0.861231741018555;0.703904216772962;1.223505268176379
