homogeneity_global;penalization_global;quality_metric
0.8539281484405843;0.6599317871427608;1.2939623020364606
