homogeneity_global;penalization_global;quality_metric
0.5744176865377023;1.7708684525947618;0.32437043040978447
