homogeneity_global;penalization_global;quality_metric
0.598499802605606;1.6160257253716732;0.3703526638570633
