homogeneity_global;entropy_global;quality_metric
0.5829056454796684;1.7495635769874651;0.3331718378085593
