homogeneity_global;penalization_global;quality_metric
0.775759968416897;0.8664925293142249;-0.09073256089732795
