homogeneity_global;penalization_global;quality_metric
0.775759968416897;0.8651394395052486;0.8966867493334769
