homogeneity_global;entropy_global;quality_metric
0.7301618634030793;1.1160258948325237;0.6542511356884916
