homogeneity_global;entropy_global;quality_metric
0.6324516383734702;1.4552987906298192;0.4345851229043056
