homogeneity_global;entropy_global;quality_metric
0.6225819186735096;1.5045445809090783;0.4138006362674187
