homogeneity_global;penalization_global;quality_metric
0.6138965653375444;1.5502443517465536;-0.9363477864090092
