homogeneity_global;penalization_global;quality_metric
0.7327279905250691;1.12051907652874;-0.38779108600367096
