homogeneity_global;entropy_global;quality_metric
0.7074615080931701;1.20496498951641;0.5871215571628675
