homogeneity_global;penalization_global;quality_metric
0.7327279905250691;1.1195607755077623;0.6544774987452122
