homogeneity_global;penalization_global;quality_metric
0.6063955783655745;1.6231490874354682;0.3735918095680619
