homogeneity_global;entropy_global;quality_metric
0.6034346624555863;1.581196044598004;0.381631539546041
