homogeneity_global;entropy_global;quality_metric
0.7325305961310699;1.143714498652247;0.6404832294344907
