homogeneity_global;penalization_global;quality_metric
0.6575207264113699;1.4083673593827404;0.46686701105636036
