homogeneity_global;entropy_global;quality_metric
0.6308724832214765;1.4518896057813158;0.4345179180231563
