homogeneity_global;penalization_global;quality_metric
0.8685353335965259;0.4907253165723717;1.7698976074140005
