homogeneity_global;penalization_global;quality_metric
0.8626135017765495;0.5164337724280343;1.670324207103532
