homogeneity_global;entropy_global;quality_metric
0.9036715357283853;0.45529467242832833;1.9848015047202967
