homogeneity_global;entropy_global;quality_metric
0.7210817212791156;1.200309484249328;0.6007459992570829
