homogeneity_global;penalization_global;quality_metric
0.3542974798781629;2.7301537495122723;-2.3758562696341095
