homogeneity_global;penalization_global;quality_metric
0.34123023384768353;2.6999529716061477;-2.3587227377584643
