homogeneity_global;penalization_global;quality_metric
0.3400110617085312;2.7957447361309904;-2.455733674422459
