homogeneity_global;penalization_global;quality_metric
0.6336483702895916;1.4435913107911356;-0.8099429405015439
