homogeneity_global;penalization_global;quality_metric
0.6252920201647608;1.459999540837424;-0.8347075206726632
