homogeneity_global;penalization_global;quality_metric
0.33934448577382226;2.6959468709556527;-2.3566023851818305
