homogeneity_global;penalization_global;quality_metric
0.3523651886052792;2.7177614357226125;-2.3653962471173333
