homogeneity_global;penalization_global;quality_metric
0.3361203409419243;2.7079024326099956;-2.3717820916680714
