homogeneity_global;penalization_global;quality_metric
0.367858889014254;2.638603036031819;-2.270744147017565
