homogeneity_global;penalization_global;quality_metric
0.36742254756322373;2.647455088101465;-2.2800325405382416
