homogeneity_global;penalization_global;quality_metric
0.5811290959336755;1.6485782175343242;0.3525029854512139
