homogeneity_global;entropy_global;quality_metric
0.59751283063561;1.5989515956573364;0.37369014707404125
