homogeneity_global;penalization_global;quality_metric
0.8641926569285432;0.4859192162564859;0.3782734406720573
