homogeneity_global;entropy_global;quality_metric
0.8197789182787208;0.7011361076586153;1.1692134239140461
