homogeneity_global;penalization_global;quality_metric
0.5619818397157521;2.0284581497462337;0.2770486355547548
