homogeneity_global;entropy_global;quality_metric
0.5272404263718911;2.1155517028167083;0.24922112584097186
