homogeneity_global;penalization_global;quality_metric
0.7313462297670746;1.1614911537118597;0.6296609300629897
