homogeneity_global;penalization_global;quality_metric
0.7248322147651006;1.2805540469045928;0.566029720094574
