homogeneity_global;entropy_global;quality_metric
0.6912751677852349;1.3890972550441936;0.4976431042764807
