homogeneity_global;penalization_global;quality_metric
0.7939202526648244;0.7975818146272439;0.9954079226692826
