homogeneity_global;entropy_global;quality_metric
0.9013028030003948;0.4529208700671846;1.989974127031444
