homogeneity_global;penalization_global;quality_metric
0.7850375049348598;0.9902347289637641;0.7927784081840444
