homogeneity_global;entropy_global;quality_metric
0.8132649032767469;0.7415941641219728;1.0966426732833796
