homogeneity_global;penalization_global;quality_metric
0.8424792735886301;0.7250554162083765;1.161949959693215
