homogeneity_global;penalization_global;quality_metric
0.8493880773786024;0.6735464055547556;1.2610665119836941
