homogeneity_global;penalization_global;quality_metric
0.8493880773786024;0.6735464055547556;0.1758416718238468
