homogeneity_global;entropy_global;quality_metric
0.8564942755625741;0.7236431053907297;1.1835849545131196
