homogeneity_global;penalization_global;quality_metric
0.8225424397947099;0.6921306728260613;1.1884190134460468
