homogeneity_global;entropy_global;quality_metric
0.636991709435452;1.4467172655605773;0.440301145426286
