homogeneity_global;entropy_global;quality_metric
0.8969601263324122;0.5179447601255392;1.7317645888538749
