homogeneity_global;penalization_global;quality_metric
0.8207658902487169;0.6397967360575432;1.2828521327791906
