homogeneity_global;penalization_global;quality_metric
0.8221476510067114;0.6251780777729766;1.3150594449439663
