homogeneity_global;entropy_global;quality_metric
0.5256612712198973;2.100780655879896;0.2502217542449589
