homogeneity_global;penalization_global;quality_metric
0.8296486379786814;0.6727746776572957;1.2331727580694363
