homogeneity_global;entropy_global;quality_metric
0.6292933280694828;1.487936042381105;0.4229300771102801
