homogeneity_global;penalization_global;quality_metric
0.6198183971575207;1.5251642443960614;0.4063942575631914
