homogeneity_global;entropy_global;quality_metric
0.5675088827477299;1.7192901627859072;0.3300830569198932
