homogeneity_global;penalization_global;quality_metric
0.8087248322147651;0.7059789834648957;1.1455350734529406
