homogeneity_global;penalization_global;quality_metric
0.825503355704698;0.6071146736390729;0.21838868206562512
