homogeneity_global;penalization_global;quality_metric
0.825503355704698;0.6064021508450664;1.3613111253698131
