homogeneity_global;penalization_global;quality_metric
0.7362810896170549;1.1029342900365633;-0.36665320041950844
