homogeneity_global;entropy_global;quality_metric
0.7120015791551519;1.1982564632580603;0.5941974917637656
