homogeneity_global;penalization_global;quality_metric
0.7362810896170549;1.102221767242557;0.6679966259987693
