homogeneity_global;penalization_global;quality_metric
0.7497039084090011;0.9546088784596028;0.7853510898281858
