homogeneity_global;entropy_global;quality_metric
0.7536517962889854;0.9493855666002856;0.7938302718857521
